<?xml version="1.0" encoding="UTF-8"?>
<!DOCTYPE hibernate-mapping PUBLIC "-//Hibernate/Hibernate Mapping DTD 3.0//EN" "http://hibernate.sourceforge.net/hibernate-mapping-3.0.dtd">
<hibernate-mapping>
	<class name="com.fab.bean.Billing" table="Billing">
		<id name="product_id" column="product_id">
			<generator class="assigned" />
		</id>
		<property name="product_name" column="product_name" />
		<property name="customer_username" column="customer_username" />
		<property name="quantity" column="quantity" />
		<property name="cost" column="cost" />
	</class>
</hibernate-mapping>
