<?xml version="1.0" encoding="UTF-8"?>
<!DOCTYPE hibernate-mapping PUBLIC "-//Hibernate/Hibernate Mapping DTD 3.0//EN" "http://hibernate.sourceforge.net/hibernate-mapping-3.0.dtd">
<hibernate-mapping>
	<class name="com.fab.bean.NewCustomer" table="NewCustomer">
		<id name="first_name" column="first_name">
			<generator class="assigned" />
		</id>
		<property name="last_name" column="last_name" />
		<property name="user_name" column="user_name" />
		<property name="register_number" column="register_number" />
		<property name="email" column="email" />
		<property name="pwd" column="pwd" />
		<property name="address" column="address" />
	</class>
</hibernate-mapping>
